{
  "elo_weight": 0.5,
  "form_weight": 0.0,
  "coach_weight": 0.3,
  "injury_weight": 1.0,
  "lambda_decay": 0.002,
  "base_k": 50.0,
  "accuracy": 0.5,
  "macro_f1": 0.32323232323232326,
  "log_loss": 2.156991830951113,
  "brier_score": 0.853739546078009,
  "home_goals_mae": 2.2759962826253486,
  "away_goals_mae": 2.7330238664625153,
  "home_goals_rmse": 2.8361757897324815,
  "away_goals_rmse": 3.0765510266832043,
  "validation_matches": 72.0
}